{"cameraMode":{"drawMode":0,"name":"Shaded","section":"Shading Mode"},"sceneLighting":false,"audioPlay":false,"sceneViewState":{"showFog":true,"showMaterialUpdate":false,"showSkybox":false,"showFlares":true,"showImageEffects":true,"showParticleSystems":true},"in2DMode":false,"pivot":{"x":5.960464477539063e-8,"y":1.0,"z":-1.1920928955078126e-7},"rotation":{"x":0.6096542477607727,"y":-0.035637326538562778,"z":0.02745230309665203,"w":0.7913976311683655},"size":3.83939790725708,"orthographic":true}