{"cameraMode":{"drawMode":0,"name":"Shaded","section":"Shading Mode"},"sceneLighting":false,"audioPlay":false,"sceneViewState":{"showFog":true,"showMaterialUpdate":false,"showSkybox":false,"showFlares":true,"showImageEffects":true,"showParticleSystems":true},"in2DMode":false,"pivot":{"x":-3.2660605907440187,"y":-4.172098159790039,"z":1.7492656707763672},"rotation":{"x":-0.027855750173330308,"y":0.9714423418045044,"z":-0.18431034684181214,"w":-0.14681904017925263},"size":7.623073101043701,"orthographic":false}