{"cameraMode":{"drawMode":0,"name":"Shaded","section":"Shading Mode"},"sceneLighting":false,"audioPlay":false,"sceneViewState":{"showFog":true,"showMaterialUpdate":false,"showSkybox":false,"showFlares":true,"showImageEffects":true,"showParticleSystems":true},"in2DMode":false,"pivot":{"x":-1.1920928955078126e-7,"y":0.7648074626922607,"z":0.016020238399505616},"rotation":{"x":-0.05143711343407631,"y":-0.9063614010810852,"z":0.4031267464160919,"w":-0.11564687639474869},"size":1.36709725856781,"orthographic":true}