{"cameraMode":{"drawMode":0,"name":"Shaded","section":"Shading Mode"},"sceneLighting":false,"audioPlay":false,"sceneViewState":{"showFog":true,"showMaterialUpdate":false,"showSkybox":false,"showFlares":true,"showImageEffects":true,"showParticleSystems":true},"in2DMode":false,"pivot":{"x":-0.063995361328125,"y":0.016815185546875,"z":-0.03131103515625},"rotation":{"x":-0.08503588289022446,"y":-0.8201901912689209,"z":0.12647613883018495,"w":-0.5514328479766846},"size":0.1038261279463768,"orthographic":true}