{"cameraMode":{"drawMode":0,"name":"Shaded","section":"Shading Mode"},"sceneLighting":false,"audioPlay":false,"sceneViewState":{"showFog":true,"showMaterialUpdate":false,"showSkybox":false,"showFlares":true,"showImageEffects":true,"showParticleSystems":true},"in2DMode":false,"pivot":{"x":-5.960464477539063e-8,"y":0.38240373134613039,"z":0.008010119199752808},"rotation":{"x":-0.05143711343407631,"y":-0.9063614010810852,"z":0.4031267464160919,"w":-0.11564687639474869},"size":0.5429830551147461,"orthographic":true}