{"cameraMode":{"drawMode":0,"name":"Shaded","section":"Shading Mode"},"sceneLighting":false,"audioPlay":false,"sceneViewState":{"showFog":true,"showMaterialUpdate":false,"showSkybox":false,"showFlares":true,"showImageEffects":true,"showParticleSystems":true},"in2DMode":false,"pivot":{"x":0.005276918411254883,"y":0.2954685091972351,"z":0.15928399562835694},"rotation":{"x":-0.17312359809875489,"y":0.7709577083587647,"z":-0.23595327138900758,"w":-0.5656670331954956},"size":0.4043489694595337,"orthographic":false}