{"cameraMode":{"drawMode":0,"name":"Shaded","section":"Shading Mode"},"sceneLighting":false,"audioPlay":false,"sceneViewState":{"showFog":true,"showMaterialUpdate":false,"showSkybox":false,"showFlares":true,"showImageEffects":true,"showParticleSystems":true},"in2DMode":false,"pivot":{"x":-0.023033857345581056,"y":0.8617870211601257,"z":-0.010048575699329377},"rotation":{"x":0.05744723603129387,"y":-0.8366566896438599,"z":0.08943977952003479,"w":0.5373319387435913},"size":1.1129311323165894,"orthographic":true}