{"cameraMode":{"drawMode":0,"name":"Shaded","section":"Shading Mode"},"sceneLighting":true,"audioPlay":false,"sceneViewState":{"showFog":true,"showMaterialUpdate":false,"showSkybox":true,"showFlares":true,"showImageEffects":true,"showParticleSystems":true},"in2DMode":false,"pivot":{"x":485.7861328125,"y":78.09469604492188,"z":594.8873291015625},"rotation":{"x":0.033604539930820468,"y":0.834652841091156,"z":-0.05146752670407295,"w":0.5474909543991089},"size":3.5648651123046877,"orthographic":true}