{"cameraMode":{"drawMode":0,"name":"Shaded","section":"Shading Mode"},"sceneLighting":false,"audioPlay":false,"sceneViewState":{"showFog":true,"showMaterialUpdate":false,"showSkybox":false,"showFlares":true,"showImageEffects":true,"showParticleSystems":true},"in2DMode":false,"pivot":{"x":-1.5525699853897095,"y":1.064182162284851,"z":-1.4619884490966797},"rotation":{"x":0.07065758854150772,"y":-0.1873919665813446,"z":0.013514256104826928,"w":0.9796566963195801},"size":3.7609519958496095,"orthographic":false}