{"cameraMode":{"drawMode":0,"name":"Shaded","section":"Shading Mode"},"sceneLighting":false,"audioPlay":false,"sceneViewState":{"showFog":true,"showMaterialUpdate":false,"showSkybox":false,"showFlares":true,"showImageEffects":true,"showParticleSystems":true},"in2DMode":false,"pivot":{"x":0.46010780334472659,"y":0.27967071533203127,"z":0.8457765579223633},"rotation":{"x":0.03749015927314758,"y":0.007494657766073942,"z":-0.00028118150657974184,"w":0.9992688298225403},"size":3.897468328475952,"orthographic":false}