{"cameraMode":{"drawMode":0,"name":"Shaded","section":"Shading Mode"},"sceneLighting":false,"audioPlay":false,"sceneViewState":{"showFog":true,"showMaterialUpdate":false,"showSkybox":false,"showFlares":true,"showImageEffects":true,"showParticleSystems":true},"in2DMode":false,"pivot":{"x":-0.516998291015625,"y":-0.104156494140625,"z":-0.21337890625},"rotation":{"x":0.031848322600126269,"y":0.9630185961723328,"z":-0.13168393075466157,"w":0.23290905356407166},"size":1.3547840118408204,"orthographic":true}